Team,Series Won,Series Lost,Games Won,Games Lost,Series Win %,Game Win %
Los Big Dig,6,0,12,1,1.0,0.9230769230769231
DD4t Paprika,6,0,12,1,1.0,0.9230769230769231
League of Lumni,7,1,14,5,0.875,0.7368421052631579
LPP Boiz,4,3,9,8,0.5714285714285714,0.5294117647058824
Iron Dragons,3,3,7,7,0.5,0.5
Hardstuck Casterlow,3,3,7,8,0.5,0.4666666666666667
Team Volatility Vortex,2,3,4,7,0.4,0.36363636363636365
Forge Esports Chaos,2,4,8,8,0.3333333333333333,0.5
Jobless Piggies,2,5,4,12,0.2857142857142857,0.25
Big Pharma,1,4,4,8,0.2,0.3333333333333333
High Alert Engineers,1,5,3,10,0.16666666666666666,0.23076923076923078
Nefarious Implications,1,7,5,14,0.125,0.2631578947368421
